data,temp_max,temp_min,chuva_mm
2020-01-01,27.900,18.900,1.500
2020-01-02,28.100,18.800,3.400
2020-01-03,25.500,19.700,15.200
2020-01-04,25.700,19.400,7.800
2020-01-05,26.600,19.400,14.200
2020-01-06,26.900,19.100,4.300
2020-01-07,29.200,19.200,1.600
2020-01-08,30.500,19.800,0.200
2020-01-09,29.200,19.300,0.500
2020-01-10,29.200,19.800,0.500
2020-01-11,29.500,16.400,0.000
2020-01-12,31.900,18.300,0.000
2020-01-13,30.300,20.000,0.500
2020-01-14,26.500,19.900,6.600
2020-01-15,26.600,20.200,1.500
2020-01-16,30.000,18.400,4.000
2020-01-17,26.900,20.000,13.400
2020-01-18,24.500,17.500,0.500
2020-01-19,25.700,18.900,12.000
2020-01-20,25.900,19.100,24.500
2020-01-21,24.800,18.300,18.700
2020-01-22,25.000,18.300,3.000
2020-01-23,23.000,18.700,33.300
2020-01-24,24.600,19.600,36.500
2020-01-25,25.300,18.300,51.700
2020-01-26,26.200,18.500,2.600
2020-01-27,26.100,17.700,8.200
2020-01-28,27.300,19.100,18.200
2020-01-29,26.700,20.000,3.600
2020-01-30,28.700,19.700,2.500
2020-01-31,29.000,19.000,0.300
2020-02-01,29.700,19.800,0.000
2020-02-02,29.700,19.800,0.900
2020-02-03,28.900,19.300,0.000
2020-02-04,28.800,18.800,0.800
2020-02-05,24.900,19.900,1.600
2020-02-06,23.400,18.800,6.400
2020-02-07,22.800,18.300,5.600
2020-02-08,26.500,18.200,4.300
2020-02-09,26.800,17.800,3.600
2020-02-10,27.100,18.200,0.200
2020-02-11,24.600,19.400,7.700
2020-02-12,23.700,19.600,16.100
2020-02-13,22.200,18.400,55.900
2020-02-14,26.700,16.300,2.100
2020-02-15,27.900,18.100,1.100
2020-02-16,27.600,19.700,1.500
2020-02-17,27.400,19.800,0.000
2020-02-18,26.400,18.700,1.600
2020-02-19,26.300,15.900,0.600
2020-02-20,27.300,17.100,0.800
2020-02-21,28.200,18.700,4.800
2020-02-22,28.500,18.800,32.300
2020-02-23,22.900,17.900,22.500
2020-02-24,24.600,17.500,4.800
2020-02-25,26.600,18.500,4.700
2020-02-26,28.600,20.000,2.100
2020-02-27,27.900,20.000,19.200
2020-02-28,22.300,19.500,50.700
2020-02-29,23.400,19.200,19.600
2020-03-01,22.600,18.800,22.700
2020-03-02,18.900,16.300,20.600
2020-03-03,22.300,16.900,12.000
2020-03-04,25.200,18.000,9.700
2020-03-05,26.300,19.100,17.700
2020-03-06,21.800,17.400,17.700
2020-03-07,20.600,17.000,11.600
2020-03-08,23.200,15.400,0.400
2020-03-09,25.300,14.700,1.300
2020-03-10,25.400,17.600,1.400
2020-03-11,25.000,16.900,0.500
2020-03-12,26.400,16.500,7.600
2020-03-13,25.500,17.800,5.900
2020-03-14,25.900,18.600,1.500
2020-03-15,26.100,18.100,0.000
2020-03-16,26.800,15.900,0.000
2020-03-17,27.600,15.700,0.000
2020-03-18,26.500,17.800,3.000
2020-03-19,27.400,17.000,0.300
2020-03-20,26.600,18.700,4.500
2020-03-21,25.000,20.000,22.800
2020-03-22,22.800,17.900,18.500
2020-03-23,22.100,17.400,3.000
2020-03-24,22.800,13.500,0.000
2020-03-25,21.600,14.800,0.800
2020-03-26,23.100,14.500,1.300
2020-03-27,23.000,14.500,0.300
2020-03-28,24.500,15.500,0.000
2020-03-29,26.400,16.200,0.000
2020-03-30,26.600,17.700,0.000
2020-03-31,25.700,16.800,0.100
2020-04-01,25.900,16.900,1.100
2020-04-02,26.600,18.000,5.400
2020-04-03,27.900,19.600,0.400
2020-04-04,26.700,19.400,5.400
2020-04-05,24.900,18.700,7.900
2020-04-06,26.000,18.800,0.600
2020-04-07,26.300,17.400,3.000
2020-04-08,24.500,18.800,9.200
2020-04-09,22.700,17.300,9.700
2020-04-10,23.700,17.600,2.400
2020-04-11,24.500,17.900,3.100
2020-04-12,22.800,16.700,6.100
2020-04-13,22.200,15.800,0.400
2020-04-14,24.100,16.200,0.000
2020-04-15,25.500,15.100,7.200
2020-04-16,24.500,18.700,24.500
2020-04-17,25.200,18.200,2.400
2020-04-18,22.700,17.000,0.100
2020-04-19,22.600,15.300,0.000
2020-04-20,22.000,15.000,0.200
2020-04-21,23.900,13.400,0.000
2020-04-22,23.300,14.700,1.200
2020-04-23,22.900,15.100,0.900
2020-04-24,23.400,14.400,0.100
2020-04-25,24.000,12.600,0.000
2020-04-26,23.000,15.900,1.100
2020-04-27,22.500,13.700,0.200
2020-04-28,22.600,10.700,0.000
2020-04-29,21.800,13.500,0.000
2020-04-30,22.500,13.600,0.500
2020-05-01,24.400,11.100,0.000
2020-05-02,25.000,14.300,0.000
2020-05-03,23.700,13.000,0.000
2020-05-04,21.300,12.200,1.000
2020-05-05,23.600,12.100,0.000
2020-05-06,24.900,13.800,0.400
2020-05-07,18.800,15.400,4.400
2020-05-08,20.300,13.700,0.000
2020-05-09,20.200,9.800,0.000
2020-05-10,19.300,9.400,0.000
2020-05-11,21.200,9.400,0.000
2020-05-12,22.100,11.100,0.000
2020-05-13,22.600,11.700,0.000
2020-05-14,25.000,12.700,0.600
2020-05-15,23.000,16.500,4.200
2020-05-16,19.800,16.500,13.300
2020-05-17,22.300,15.300,1.900
2020-05-18,22.000,14.100,0.600
2020-05-19,22.200,13.500,0.900
2020-05-20,20.800,14.500,0.700
2020-05-21,20.300,14.200,1.000
2020-05-22,22.700,12.200,0.000
2020-05-23,24.600,14.400,0.100
2020-05-24,24.800,16.200,6.500
2020-05-25,22.300,16.600,8.100
2020-05-26,20.500,11.700,0.000
2020-05-27,21.300,9.500,0.000
2020-05-28,20.000,9.100,0.000
2020-05-29,20.200,8.700,0.000
2020-05-30,19.500,9.500,0.000
2020-05-31,20.900,8.300,0.000
2020-06-01,22.300,8.300,0.000
2020-06-02,23.500,11.600,0.000
2020-06-03,24.000,13.500,0.000
2020-06-04,22.200,13.700,0.200
2020-06-05,21.800,12.200,0.000
2020-06-06,23.000,12.800,0.000
2020-06-07,22.900,11.500,0.000
2020-06-08,24.200,12.700,0.000
2020-06-09,24.700,14.300,0.000
2020-06-10,25.400,12.800,0.000
2020-06-11,25.800,13.300,0.000
2020-06-12,25.700,13.300,0.000
2020-06-13,24.600,15.000,0.000
2020-06-14,24.900,14.300,0.100
2020-06-15,22.600,13.400,2.400
2020-06-16,19.900,15.400,2.600
2020-06-17,18.900,12.400,0.800
2020-06-18,20.700,9.400,0.000
2020-06-19,20.900,9.700,0.300
2020-06-20,23.000,14.400,2.400
2020-06-21,23.000,11.500,0.000
2020-06-22,22.300,8.600,0.000
2020-06-23,21.600,12.500,0.000
2020-06-24,20.900,9.000,0.000
2020-06-25,22.600,9.800,0.000
2020-06-26,23.400,9.500,0.000
2020-06-27,24.000,11.200,0.000
2020-06-28,23.000,12.400,0.000
2020-06-29,20.300,14.300,1.600
2020-06-30,20.500,13.900,1.000
2020-07-01,24.700,12.100,0.000
2020-07-02,24.400,13.800,0.200
2020-07-03,23.100,14.400,1.700
2020-07-04,21.200,14.700,2.800
2020-07-05,21.900,13.600,0.100
2020-07-06,23.500,11.200,0.000
2020-07-07,22.800,12.800,0.000
2020-07-08,23.000,11.100,0.000
2020-07-09,25.200,11.300,0.000
2020-07-10,21.600,13.500,0.100
2020-07-11,22.500,12.700,0.000
2020-07-12,22.000,10.200,0.000
2020-07-13,24.300,10.000,0.000
2020-07-14,25.500,11.300,0.000
2020-07-15,22.100,15.200,0.400
2020-07-16,21.300,14.300,0.600
2020-07-17,22.400,12.300,0.000
2020-07-18,19.300,11.700,0.100
2020-07-19,20.600,11.500,0.000
2020-07-20,21.500,14.000,0.600
2020-07-21,22.800,12.600,0.000
2020-07-22,22.300,11.200,0.000
2020-07-23,22.300,11.400,0.000
2020-07-24,20.300,10.800,0.100
2020-07-25,22.100,13.600,0.000
2020-07-26,23.100,12.400,0.000
2020-07-27,21.500,14.400,1.100
2020-07-28,23.400,10.500,0.000
2020-07-29,24.900,10.500,0.000
2020-07-30,22.900,11.900,0.100
2020-07-31,21.100,13.500,0.200
2020-08-01,19.300,13.300,1.100
2020-08-02,20.900,10.700,0.200
2020-08-03,19.500,8.800,0.000
2020-08-04,20.300,8.900,0.000
2020-08-05,20.600,9.000,0.000
2020-08-06,19.400,8.400,0.000
2020-08-07,21.100,8.300,0.000
2020-08-08,20.700,9.900,0.000
2020-08-09,21.300,10.000,0.200
2020-08-10,23.100,10.700,0.000
2020-08-11,21.700,11.300,0.300
2020-08-12,21.900,12.400,0.400
2020-08-13,24.300,13.500,0.100
2020-08-14,25.600,11.200,0.000
2020-08-15,24.800,10.500,0.000
2020-08-16,26.400,11.800,0.000
2020-08-17,26.100,13.900,0.000
2020-08-18,25.700,15.100,0.100
2020-08-19,25.800,13.300,0.000
2020-08-20,26.400,12.200,0.000
2020-08-21,18.300,13.100,5.600
2020-08-22,14.800,12.300,12.300
2020-08-23,15.900,11.200,0.600
2020-08-24,19.600,9.700,0.000
2020-08-25,18.700,8.300,0.000
2020-08-26,22.100,7.400,0.000
2020-08-27,23.700,10.400,0.000
2020-08-28,23.800,12.300,0.000
2020-08-29,24.700,11.200,0.000
2020-08-30,25.300,12.000,0.000
2020-08-31,25.800,12.800,0.000
2020-09-01,23.900,15.000,1.900
2020-09-02,23.300,14.400,0.300
2020-09-03,24.100,11.800,0.000
2020-09-04,27.100,10.100,0.000
2020-09-05,25.300,12.900,0.000
2020-09-06,25.200,11.100,0.000
2020-09-07,26.700,12.800,0.000
2020-09-08,27.100,12.700,0.000
2020-09-09,26.600,12.600,0.000
2020-09-10,27.100,11.400,0.000
2020-09-11,28.500,12.400,0.000
2020-09-12,26.300,13.100,0.000
2020-09-13,25.400,13.300,0.000
2020-09-14,26.500,13.400,0.000
2020-09-15,26.800,13.900,0.000
2020-09-16,25.100,14.700,0.500
2020-09-17,27.600,12.900,0.000
2020-09-18,30.000,14.700,0.000
2020-09-19,31.300,14.200,0.000
2020-09-20,30.000,15.900,0.900
2020-09-21,25.700,17.700,0.800
2020-09-22,21.300,15.800,7.700
2020-09-23,23.100,15.100,3.300
2020-09-24,23.900,14.600,1.000
2020-09-25,25.100,16.200,0.000
2020-09-26,27.300,13.400,0.000
2020-09-27,30.000,14.200,0.000
2020-09-28,32.800,15.700,0.000
2020-09-29,31.100,16.600,0.000
2020-09-30,31.200,17.200,0.000
2020-10-01,31.200,16.800,0.000
2020-10-02,32.100,15.800,0.000
2020-10-03,33.900,18.800,0.000
2020-10-04,31.100,19.000,0.000
2020-10-05,30.200,19.300,0.000
2020-10-06,32.800,17.200,0.000
2020-10-07,32.700,21.000,0.100
2020-10-08,32.200,19.900,4.300
2020-10-09,33.100,19.200,0.400
2020-10-10,31.500,19.000,7.900
2020-10-11,21.300,16.500,9.400
2020-10-12,24.000,15.800,0.900
2020-10-13,26.300,15.900,0.200
2020-10-14,29.400,17.600,1.600
2020-10-15,30.400,19.000,17.300
2020-10-16,21.300,17.500,6.600
2020-10-17,19.200,15.800,6.500
2020-10-18,21.000,15.400,0.800
2020-10-19,20.400,15.100,3.200
2020-10-20,19.800,14.500,10.800
2020-10-21,23.100,15.600,2.400
2020-10-22,23.700,16.200,21.700
2020-10-23,20.700,16.100,2.700
2020-10-24,19.300,15.900,17.800
2020-10-25,22.000,16.600,44.300
2020-10-26,25.200,16.000,0.000
2020-10-27,27.500,15.400,2.300
2020-10-28,28.600,18.700,2.300
2020-10-29,27.200,18.500,3.000
2020-10-30,24.500,18.700,21.400
2020-10-31,19.300,15.500,24.700
2020-11-01,20.300,15.100,1.500
2020-11-02,23.000,11.800,0.400
2020-11-03,20.700,14.500,1.100
2020-11-04,22.600,15.000,3.100
2020-11-05,23.900,15.200,6.400
2020-11-06,25.200,15.000,1.000
2020-11-07,27.000,17.400,1.400
2020-11-08,27.900,18.500,0.800
2020-11-09,25.900,17.200,0.000
2020-11-10,27.100,17.100,0.200
2020-11-11,27.100,17.200,8.800
2020-11-12,24.800,18.800,4.000
2020-11-13,25.200,18.800,8.800
2020-11-14,23.600,18.200,13.400
2020-11-15,27.400,18.900,15.500
2020-11-16,27.500,17.100,1.300
2020-11-17,29.100,19.000,2.900
2020-11-18,26.300,19.100,10.000
2020-11-19,25.000,18.800,10.400
2020-11-20,24.700,17.500,1.700
2020-11-21,22.400,16.900,1.600
2020-11-22,24.300,15.400,0.500
2020-11-23,23.000,15.600,2.300
2020-11-24,23.200,16.700,0.300
2020-11-25,24.100,16.600,6.500
2020-11-26,24.700,16.400,0.200
2020-11-27,25.200,14.800,0.000
2020-11-28,25.200,17.400,0.000
2020-11-29,24.300,16.100,0.600
2020-11-30,27.100,15.700,0.200
2020-12-01,26.800,16.900,0.300
2020-12-02,27.400,17.400,1.600
2020-12-03,26.000,18.300,1.100
2020-12-04,27.500,17.200,4.500
2020-12-05,27.000,19.500,17.600
2020-12-06,24.600,19.200,24.200
2020-12-07,25.400,18.500,12.000
2020-12-08,25.700,19.000,19.500
2020-12-09,21.900,18.400,22.100
2020-12-10,21.900,18.200,36.000
2020-12-11,24.200,17.200,1.100
2020-12-12,25.700,17.800,7.600
2020-12-13,27.000,17.900,0.700
2020-12-14,28.100,14.300,0.000
2020-12-15,28.100,15.000,0.000
2020-12-16,28.000,15.600,0.000
2020-12-17,28.000,16.100,0.000
2020-12-18,28.500,17.500,2.400
2020-12-19,28.500,18.100,9.100
2020-12-20,27.800,19.000,2.100
2020-12-21,27.600,18.700,5.300
2020-12-22,26.400,19.000,5.200
2020-12-23,23.800,19.200,14.700
2020-12-24,23.600,18.000,15.800
2020-12-25,23.800,16.300,2.700
2020-12-26,25.000,16.600,0.400
2020-12-27,25.400,16.900,2.600
2020-12-28,26.100,18.000,0.000
2020-12-29,25.800,17.500,0.200
2020-12-30,26.600,16.600,0.000
2020-12-31,28.400,15.800,0.000
2021-01-01,28.300,16.500,4.500
2021-01-02,25.300,18.400,16.000
2021-01-03,23.200,18.500,26.900
2021-01-04,25.200,18.100,79.300
2021-01-05,27.500,16.900,1.700
2021-01-06,28.100,17.000,0.100
2021-01-07,28.100,18.400,4.300
2021-01-08,28.800,20.000,2.200
2021-01-09,26.900,19.100,4.900
2021-01-10,24.700,19.700,12.000
2021-01-11,27.000,19.700,3.200
2021-01-12,27.400,18.900,0.300
2021-01-13,25.700,18.900,0.000
2021-01-14,25.700,17.200,0.900
2021-01-15,24.600,17.900,5.200
2021-01-16,24.900,17.900,1.700
2021-01-17,24.800,16.400,0.000
2021-01-18,27.600,15.800,0.000
2021-01-19,27.400,15.600,0.200
2021-01-20,26.800,15.700,0.000
2021-01-21,26.300,16.400,0.000
2021-01-22,25.100,15.300,0.100
2021-01-23,26.200,17.400,0.200
2021-01-24,26.400,16.500,0.900
2021-01-25,26.600,17.100,0.000
2021-01-26,27.200,18.200,0.300
2021-01-27,28.300,16.400,0.000
2021-01-28,28.300,15.000,0.000
2021-01-29,28.200,16.400,0.000
2021-01-30,27.900,17.400,0.000
2021-01-31,28.400,16.000,0.000
2021-02-01,26.800,16.900,0.100
2021-02-02,27.200,18.300,0.400
2021-02-03,27.600,17.800,0.200
2021-02-04,28.600,18.300,2.200
2021-02-05,26.000,19.400,8.000
2021-02-06,23.500,19.800,21.700
2021-02-07,23.600,17.900,83.100
2021-02-08,23.100,16.800,9.700
2021-02-09,22.600,16.300,19.900
2021-02-10,25.200,16.700,1.700
2021-02-11,23.700,17.800,14.100
2021-02-12,23.300,18.500,3.000
2021-02-13,25.400,17.600,1.800
2021-02-14,26.300,18.500,1.200
2021-02-15,25.000,18.600,21.800
2021-02-16,27.300,18.600,8.600
2021-02-17,26.200,19.100,14.700
2021-02-18,25.700,18.900,25.000
2021-02-19,24.400,19.200,22.200
2021-02-20,25.700,19.400,23.900
2021-02-21,25.900,18.300,16.000
2021-02-22,25.300,18.100,12.900
2021-02-23,25.500,18.000,1.000
2021-02-24,28.200,16.400,0.300
2021-02-25,26.700,16.700,0.000
2021-02-26,21.800,18.200,7.800
2021-02-27,23.800,16.100,0.300
2021-02-28,23.900,17.700,2.100
2021-03-01,23.600,16.700,0.800
2021-03-02,24.300,17.000,0.400
2021-03-03,25.500,15.700,0.300
2021-03-04,27.000,15.300,0.000
2021-03-05,27.800,15.700,0.500
2021-03-06,27.400,18.300,3.600
2021-03-07,25.200,19.700,5.400
2021-03-08,26.200,18.700,5.000
2021-03-09,25.200,18.200,7.600
2021-03-10,25.500,18.400,9.000
2021-03-11,26.300,17.800,6.900
2021-03-12,26.100,17.100,1.000
2021-03-13,25.900,17.500,0.500
2021-03-14,25.800,15.100,0.000
2021-03-15,25.400,15.100,0.000
2021-03-16,26.200,14.600,0.000
2021-03-17,25.900,14.000,0.200
2021-03-18,26.400,15.700,0.100
2021-03-19,25.500,17.600,0.700
2021-03-20,25.700,18.000,0.700
2021-03-21,25.700,16.400,0.400
2021-03-22,26.800,15.400,0.000
2021-03-23,27.900,18.000,0.000
2021-03-24,27.900,18.300,0.000
2021-03-25,27.200,18.700,0.000
2021-03-26,26.900,17.600,0.000
2021-03-27,27.700,16.400,0.400
2021-03-28,28.300,16.700,0.000
2021-03-29,28.400,17.600,0.000
2021-03-30,28.000,18.600,10.800
2021-03-31,27.200,17.800,15.100
2021-04-01,26.900,15.600,1.600
2021-04-02,24.100,16.000,3.300
2021-04-03,24.600,18.000,6.100
2021-04-04,23.900,18.200,10.600
2021-04-05,23.600,14.700,0.100
2021-04-06,24.000,15.200,0.500
2021-04-07,23.300,15.900,3.400
2021-04-08,23.200,15.400,0.500
2021-04-09,22.600,14.100,0.100
2021-04-10,24.100,13.500,0.000
2021-04-11,25.400,13.200,0.000
2021-04-12,27.300,12.800,0.000
2021-04-13,25.500,15.300,0.000
2021-04-14,22.600,14.400,0.300
2021-04-15,23.500,12.700,0.000
2021-04-16,22.500,12.300,0.000
2021-04-17,23.800,12.200,0.000
2021-04-18,25.100,14.000,0.600
2021-04-19,25.000,16.700,13.600
2021-04-20,24.300,14.200,0.100
2021-04-21,25.300,13.400,0.000
2021-04-22,24.900,13.800,0.400
2021-04-23,26.000,12.600,0.000
2021-04-24,26.100,14.700,0.100
2021-04-25,28.200,14.000,0.000
2021-04-26,27.200,14.700,0.300
2021-04-27,24.200,17.200,3.900
2021-04-28,22.900,16.700,2.800
2021-04-29,22.400,15.600,1.200
2021-04-30,22.300,13.500,0.000
2021-05-01,20.900,12.700,0.000
2021-05-02,20.500,12.300,0.400
2021-05-03,22.400,13.400,1.100
2021-05-04,23.700,13.400,0.000
2021-05-05,24.200,15.100,0.200
2021-05-06,25.100,15.100,0.100
2021-05-07,26.500,14.000,0.500
2021-05-08,22.100,16.100,0.700
2021-05-09,22.800,13.600,0.000
2021-05-10,20.400,12.300,0.000
2021-05-11,21.200,10.300,0.000
2021-05-12,23.500,9.900,0.000
2021-05-13,22.500,11.600,0.000
2021-05-14,21.200,12.900,0.700
2021-05-15,21.200,12.800,1.000
2021-05-16,21.600,12.200,0.400
2021-05-17,22.200,13.200,0.700
2021-05-18,24.600,11.500,0.100
2021-05-19,24.300,13.000,0.200
2021-05-20,25.100,12.600,0.000
2021-05-21,25.700,12.400,0.000
2021-05-22,25.900,14.100,0.000
2021-05-23,26.200,15.700,0.100
2021-05-24,27.100,16.500,0.000
2021-05-25,23.700,13.300,0.000
2021-05-26,23.800,16.400,0.400
2021-05-27,25.000,14.100,0.700
2021-05-28,24.300,16.400,0.400
2021-05-29,25.900,14.500,0.000
2021-05-30,25.200,15.500,0.000
2021-05-31,24.700,14.400,0.600
2021-06-01,22.200,14.500,1.700
2021-06-02,23.500,13.900,0.800
2021-06-03,23.500,15.000,0.400
2021-06-04,23.500,13.700,0.000
2021-06-05,21.000,12.000,0.000
2021-06-06,21.800,13.500,0.400
2021-06-07,22.900,14.600,0.200
2021-06-08,24.200,14.000,0.000
2021-06-09,22.500,14.200,0.000
2021-06-10,22.700,13.200,0.200
2021-06-11,24.300,13.400,2.300
2021-06-12,20.000,13.200,1.100
2021-06-13,20.800,12.000,0.000
2021-06-14,18.000,11.000,0.000
2021-06-15,20.900,10.500,0.000
2021-06-16,22.700,11.500,0.000
2021-06-17,21.200,11.100,0.600
2021-06-18,20.900,12.400,0.100
2021-06-19,20.100,11.300,0.300
2021-06-20,22.600,12.100,0.000
2021-06-21,24.400,12.100,0.000
2021-06-22,23.300,10.700,0.100
2021-06-23,20.500,11.900,0.000
2021-06-24,21.100,9.500,0.000
2021-06-25,21.900,8.700,0.000
2021-06-26,20.700,12.300,0.000
2021-06-27,19.800,9.100,0.000
2021-06-28,21.400,10.100,0.000
2021-06-29,21.800,9.600,0.000
2021-06-30,21.800,9.600,0.100
2021-07-01,18.100,10.800,0.000
2021-07-02,19.300,9.500,0.000
2021-07-03,19.100,9.200,0.000
2021-07-04,19.800,9.700,0.000
2021-07-05,19.200,8.600,0.000
2021-07-06,18.300,8.000,0.000
2021-07-07,19.000,8.100,0.100
2021-07-08,20.300,10.100,0.000
2021-07-09,20.600,11.600,0.000
2021-07-10,20.600,9.000,0.000
2021-07-11,20.800,11.100,0.000
2021-07-12,21.100,10.800,0.000
2021-07-13,20.800,13.000,0.000
2021-07-14,21.700,11.300,0.000
2021-07-15,23.300,10.700,0.000
2021-07-16,24.200,10.900,0.000
2021-07-17,25.300,12.000,0.000
2021-07-18,26.300,12.700,0.000
2021-07-19,26.000,13.900,0.000
2021-07-20,20.300,8.900,0.000
2021-07-21,21.800,9.600,0.000
2021-07-22,21.300,11.400,0.000
2021-07-23,19.800,9.300,0.000
2021-07-24,19.900,9.200,0.000
2021-07-25,21.000,8.600,0.000
2021-07-26,22.000,8.800,0.000
2021-07-27,23.700,9.700,0.000
2021-07-28,26.700,11.100,0.000
2021-07-29,22.600,11.200,0.000
2021-07-30,17.400,7.500,0.000
2021-07-31,18.500,8.300,0.000
2021-08-01,16.700,6.500,0.000
2021-08-02,20.400,7.100,0.000
2021-08-03,21.800,9.100,0.000
2021-08-04,21.200,10.100,0.200
2021-08-05,20.000,9.500,1.000
2021-08-06,19.800,12.800,0.300
2021-08-07,19.100,11.500,0.000
2021-08-08,19.200,12.900,1.600
2021-08-09,21.000,10.900,0.500
2021-08-10,23.500,10.100,0.100
2021-08-11,25.600,11.400,0.000
2021-08-12,22.700,11.500,0.000
2021-08-13,22.600,11.400,0.200
2021-08-14,24.100,12.400,0.000
2021-08-15,23.700,10.900,0.000
2021-08-16,24.000,12.700,0.000
2021-08-17,24.900,13.400,0.600
2021-08-18,23.000,12.700,0.100
2021-08-19,22.400,13.200,0.000
2021-08-20,22.700,9.800,0.000
2021-08-21,24.500,10.200,0.000
2021-08-22,24.400,11.400,0.000
2021-08-23,24.600,11.100,0.000
2021-08-24,24.500,10.400,0.000
2021-08-25,25.300,10.100,0.000
2021-08-26,26.000,12.400,0.000
2021-08-27,24.400,13.700,0.000
2021-08-28,23.700,15.800,0.000
2021-08-29,23.300,12.700,0.200
2021-08-30,23.900,12.500,0.000
2021-08-31,21.000,14.000,2.700
2021-09-01,22.700,13.100,4.000
2021-09-02,22.300,13.900,0.500
2021-09-03,24.000,13.700,0.100
2021-09-04,25.900,12.000,0.000
2021-09-05,28.300,13.200,0.000
2021-09-06,29.900,15.000,0.000
2021-09-07,26.800,16.900,0.200
2021-09-08,27.500,15.300,0.000
2021-09-09,30.600,14.000,0.000
2021-09-10,30.500,15.100,0.000
2021-09-11,29.100,17.000,0.000
2021-09-12,28.500,15.700,0.100
2021-09-13,30.000,15.400,0.000
2021-09-14,30.900,14.900,0.000
2021-09-15,31.300,15.800,0.000
2021-09-16,28.200,16.500,0.000
2021-09-17,25.900,18.000,1.400
2021-09-18,28.700,14.300,0.000
2021-09-19,30.700,16.500,0.000
2021-09-20,26.600,17.400,0.000
2021-09-21,32.900,15.000,0.000
2021-09-22,25.200,15.700,0.000
2021-09-23,23.100,12.300,0.000
2021-09-24,24.600,12.600,0.000
2021-09-25,25.200,13.100,0.000
2021-09-26,28.600,14.600,0.000
2021-09-27,26.400,15.500,0.700
2021-09-28,27.200,16.800,0.600
2021-09-29,28.800,15.900,0.000
2021-09-30,28.500,17.300,0.400
2021-10-01,30.500,18.100,0.100
2021-10-02,30.500,17.600,3.700
2021-10-03,29.100,19.200,8.800
2021-10-04,30.600,18.500,0.000
2021-10-05,28.900,19.200,0.000
2021-10-06,26.100,19.400,1.000
2021-10-07,28.400,17.600,5.500
2021-10-08,21.500,16.800,2.300
2021-10-09,21.900,16.300,0.300
2021-10-10,19.700,15.600,16.000
2021-10-11,17.700,15.700,34.600
2021-10-12,21.100,14.600,10.600
2021-10-13,24.600,14.600,0.400
2021-10-14,26.500,16.200,0.900
2021-10-15,27.000,18.400,5.100
2021-10-16,26.800,17.300,0.300
2021-10-17,24.500,18.000,25.200
2021-10-18,23.900,18.100,31.800
2021-10-19,22.000,18.100,39.300
2021-10-20,18.200,14.100,13.400
2021-10-21,20.000,13.000,0.500
2021-10-22,22.800,15.700,1.000
2021-10-23,25.400,15.900,1.000
2021-10-24,26.900,18.500,3.800
2021-10-25,22.000,17.200,1.500
2021-10-26,24.300,16.700,10.400
2021-10-27,26.200,16.900,6.400
2021-10-28,25.900,15.100,0.000
2021-10-29,24.400,14.200,0.100
2021-10-30,23.600,17.000,1.800
2021-10-31,22.500,16.700,12.300
2021-11-01,22.500,17.400,53.100
2021-11-02,26.100,17.700,1.600
2021-11-03,26.300,15.200,0.300
2021-11-04,26.300,17.000,2.200
2021-11-05,26.700,18.000,0.800
2021-11-06,26.700,17.200,0.800
2021-11-07,26.700,18.200,12.300
2021-11-08,25.800,18.400,3.900
2021-11-09,24.100,17.700,7.900
2021-11-10,24.500,18.400,11.700
2021-11-11,19.400,17.300,27.100
2021-11-12,17.400,14.600,21.500
2021-11-13,18.600,13.000,0.900
2021-11-14,20.700,14.100,0.800
2021-11-15,21.500,13.300,0.000
2021-11-16,23.100,14.400,0.000
2021-11-17,25.300,15.700,1.300
2021-11-18,26.300,17.900,1.700
2021-11-19,24.800,18.100,5.000
2021-11-20,21.800,17.900,47.700
2021-11-21,20.500,16.300,9.900
2021-11-22,23.400,16.100,1.300
2021-11-23,28.500,14.000,0.000
2021-11-24,27.700,18.400,0.100
2021-11-25,25.800,15.900,0.200
2021-11-26,26.500,15.000,0.600
2021-11-27,22.900,16.300,23.000
2021-11-28,27.400,14.200,0.600
2021-11-29,27.500,16.700,0.700
2021-11-30,29.100,17.700,0.400
2021-12-01,26.300,19.000,12.100
2021-12-02,27.500,17.500,11.900
2021-12-03,24.000,17.500,10.500
2021-12-04,24.800,16.500,1.400
2021-12-05,26.000,17.200,0.500
2021-12-06,21.000,16.100,13.400
2021-12-07,21.200,15.800,5.700
2021-12-08,19.700,14.900,3.500
2021-12-09,24.100,13.900,2.100
2021-12-10,26.000,15.200,1.200
2021-12-11,27.200,17.100,0.700
2021-12-12,27.700,18.300,1.600
2021-12-13,25.500,18.900,6.900
2021-12-14,26.400,18.700,5.300
2021-12-15,23.000,19.000,22.700
2021-12-16,26.900,19.200,10.000
2021-12-17,22.400,19.100,12.700
2021-12-18,25.900,17.900,17.700
2021-12-19,22.300,17.300,3.900
2021-12-20,21.800,16.700,0.400
2021-12-21,24.600,16.300,1.400
2021-12-22,27.700,17.200,1.400
2021-12-23,27.400,18.300,14.500
2021-12-24,23.900,15.900,0.600
2021-12-25,24.700,14.700,1.200
2021-12-26,25.400,14.900,0.400
2021-12-27,27.400,16.300,0.100
2021-12-28,27.100,16.700,5.300
2021-12-29,26.000,17.000,33.300
2021-12-30,23.800,17.700,18.000
2021-12-31,21.200,18.000,12.800
2022-01-01,24.500,18.800,13.300
2022-01-02,25.000,18.700,13.400
2022-01-03,24.700,17.600,9.000
2022-01-04,24.700,17.800,1.600
2022-01-05,27.300,17.500,9.000
2022-01-06,24.600,19.400,12.300
2022-01-07,23.400,19.100,25.400
2022-01-08,21.900,18.500,45.500
2022-01-09,21.300,17.300,37.700
2022-01-10,25.900,18.700,18.400
2022-01-11,26.700,19.000,21.600
2022-01-12,26.800,18.300,17.100
2022-01-13,28.400,18.500,0.100
2022-01-14,28.100,17.300,0.000
2022-01-15,27.300,16.800,0.100
2022-01-16,25.800,18.400,4.600
2022-01-17,27.500,16.900,1.200
2022-01-18,28.000,16.600,0.300
2022-01-19,27.400,18.200,0.900
2022-01-20,27.800,18.300,1.300
2022-01-21,27.500,18.500,1.500
2022-01-22,28.900,18.300,0.000
2022-01-23,27.900,18.100,0.500
2022-01-24,27.300,16.800,0.000
2022-01-25,27.400,16.200,0.000
2022-01-26,27.400,17.200,0.800
2022-01-27,28.000,16.300,1.000
2022-01-28,29.100,18.400,1.200
2022-01-29,27.600,17.300,22.700
2022-01-30,27.900,17.600,1.800
2022-01-31,24.800,18.400,14.600
2022-02-01,26.100,19.200,11.400
2022-02-02,25.700,19.400,21.100
2022-02-03,26.800,19.200,13.800
2022-02-04,26.800,18.400,26.000
2022-02-05,26.000,18.700,14.100
2022-02-06,24.200,19.200,15.900
2022-02-07,23.400,18.100,5.600
2022-02-08,26.400,18.100,19.200
2022-02-09,23.000,17.200,20.000
2022-02-10,24.100,18.000,20.400
2022-02-11,24.500,18.300,14.800
2022-02-12,22.500,18.400,16.000
2022-02-13,26.400,17.000,9.600
2022-02-14,26.800,16.500,4.300
2022-02-15,26.100,18.200,13.000
2022-02-16,25.600,17.600,16.000
2022-02-17,24.900,18.000,19.600
2022-02-18,24.900,17.400,17.700
2022-02-19,25.500,17.700,37.400
2022-02-20,24.200,18.800,28.700
2022-02-21,25.600,17.600,2.400
2022-02-22,27.100,18.400,0.400
2022-02-23,27.100,16.400,0.700
2022-02-24,28.000,17.900,0.200
2022-02-25,27.300,17.700,0.400
2022-02-26,26.700,17.900,0.400
2022-02-27,25.600,16.600,1.400
2022-02-28,26.700,16.500,0.000
2022-03-01,26.900,15.300,0.800
2022-03-02,27.500,16.500,0.400
2022-03-03,26.800,15.800,0.500
2022-03-04,26.900,16.200,0.300
2022-03-05,27.000,17.500,0.500
2022-03-06,27.900,15.800,0.000
2022-03-07,27.300,16.400,0.000
2022-03-08,27.700,16.400,0.100
2022-03-09,28.000,16.300,0.000
2022-03-10,27.400,16.200,0.700
2022-03-11,27.800,16.100,0.300
2022-03-12,28.400,16.400,0.800
2022-03-13,27.800,17.500,0.400
2022-03-14,28.200,17.200,0.300
2022-03-15,28.000,16.900,0.100
2022-03-16,27.200,18.200,0.800
2022-03-17,28.300,17.200,1.000
2022-03-18,27.900,17.000,0.400
2022-03-19,28.700,15.200,0.000
2022-03-20,27.700,15.500,0.200
2022-03-21,23.900,16.600,2.200
2022-03-22,24.000,14.700,0.000
2022-03-23,25.100,14.700,0.000
2022-03-24,26.200,16.300,0.600
2022-03-25,28.100,16.400,0.100
2022-03-26,29.400,18.200,0.200
2022-03-27,28.400,17.600,0.500
2022-03-28,27.800,16.400,0.100
2022-03-29,27.500,16.400,0.100
2022-03-30,28.500,16.100,0.000
2022-03-31,29.100,18.200,0.000
2022-04-01,26.400,18.500,0.300
2022-04-02,26.100,17.500,2.000
2022-04-03,26.600,18.200,2.600
2022-04-04,27.200,17.000,0.000
2022-04-05,27.400,16.700,0.100
2022-04-06,27.800,17.100,0.800
2022-04-07,26.400,17.900,1.600
2022-04-08,27.700,17.100,1.500
2022-04-09,27.900,17.100,1.400
2022-04-10,27.600,17.900,1.400
2022-04-11,26.500,17.800,1.100
2022-04-12,27.300,16.200,0.400
2022-04-13,28.800,16.700,3.200
2022-04-14,28.200,17.900,6.900
2022-04-15,23.600,16.500,2.900
2022-04-16,23.600,12.400,0.000
2022-04-17,23.400,12.000,0.000
2022-04-18,23.600,11.300,0.000
2022-04-19,23.600,12.500,0.000
2022-04-20,25.200,14.500,0.000
2022-04-21,25.800,15.100,0.000
2022-04-22,26.800,12.800,0.000
2022-04-23,28.800,15.100,0.000
2022-04-24,27.800,16.500,0.000
2022-04-25,24.800,17.200,1.100
2022-04-26,25.200,16.000,0.100
2022-04-27,25.200,15.400,0.000
2022-04-28,26.900,14.500,0.000
2022-04-29,25.600,16.100,0.000
2022-04-30,24.600,14.300,0.100
2022-05-01,24.700,12.800,0.700
2022-05-02,25.300,14.100,0.100
2022-05-03,25.900,16.100,0.000
2022-05-04,26.900,15.500,0.100
2022-05-05,21.500,17.400,1.800
2022-05-06,24.700,16.500,0.400
2022-05-07,22.700,16.500,1.400
2022-05-08,23.500,14.400,0.100
2022-05-09,22.600,11.300,0.000
2022-05-10,22.200,10.100,0.000
2022-05-11,24.300,11.500,0.000
2022-05-12,25.700,13.800,0.200
2022-05-13,24.300,13.900,0.400
2022-05-14,23.600,14.500,0.000
2022-05-15,23.300,14.800,0.800
2022-05-16,24.100,14.600,1.800
2022-05-17,22.600,14.200,1.800
2022-05-18,17.100,10.500,0.000
2022-05-19,17.900,7.400,0.000
2022-05-20,19.200,6.300,0.000
2022-05-21,20.300,9.000,0.000
2022-05-22,21.300,9.900,0.000
2022-05-23,21.300,9.000,0.000
2022-05-24,20.900,10.000,0.000
2022-05-25,20.900,10.200,0.000
2022-05-26,22.500,11.600,0.100
2022-05-27,22.000,12.000,0.000
2022-05-28,20.700,12.000,1.000
2022-05-29,23.200,11.800,0.200
2022-05-30,25.300,11.100,0.000
2022-05-31,26.400,11.700,0.000
2022-06-01,24.800,14.900,0.000
2022-06-02,25.600,12.600,0.000
2022-06-03,25.900,13.300,0.000
2022-06-04,22.200,12.200,0.000
2022-06-05,20.200,11.100,0.000
2022-06-06,20.400,8.200,0.000
2022-06-07,23.400,8.400,0.000
2022-06-08,25.300,9.700,0.000
2022-06-09,24.300,15.000,0.000
2022-06-10,25.100,11.800,0.000
2022-06-11,23.700,13.400,4.100
2022-06-12,23.000,14.500,0.600
2022-06-13,20.200,9.900,0.000
2022-06-14,19.800,8.200,0.000
2022-06-15,17.700,8.000,0.000
2022-06-16,20.400,8.200,0.000
2022-06-17,22.000,8.800,0.000
2022-06-18,25.900,8.200,0.000
2022-06-19,21.500,13.400,0.000
2022-06-20,21.700,12.200,0.200
2022-06-21,22.100,11.600,0.000
2022-06-22,22.900,10.700,0.000
2022-06-23,23.300,10.700,0.000
2022-06-24,23.400,11.500,0.000
2022-06-25,23.600,11.400,0.000
2022-06-26,21.300,11.800,0.200
2022-06-27,17.900,11.000,0.100
2022-06-28,20.000,7.700,0.000
2022-06-29,23.300,7.600,0.000
2022-06-30,23.500,10.800,0.000
2022-07-01,21.300,10.300,0.000
2022-07-02,22.300,9.700,0.100
2022-07-03,21.400,11.000,0.000
2022-07-04,22.300,9.700,0.000
2022-07-05,21.400,11.400,0.300
2022-07-06,21.600,10.800,0.800
2022-07-07,21.200,9.100,0.000
2022-07-08,21.400,10.200,0.000
2022-07-09,22.200,11.600,0.000
2022-07-10,20.400,13.000,0.200
2022-07-11,22.500,9.700,0.100
2022-07-12,23.000,11.200,0.000
2022-07-13,23.300,11.100,0.000
2022-07-14,22.200,11.800,0.000
2022-07-15,22.800,12.300,1.200
2022-07-16,23.300,10.600,0.000
2022-07-17,24.600,11.800,0.000
2022-07-18,22.400,11.500,0.000
2022-07-19,22.500,10.300,0.000
2022-07-20,23.700,12.500,0.000
2022-07-21,23.100,11.000,0.000
2022-07-22,23.000,10.700,0.000
2022-07-23,23.100,10.400,0.000
2022-07-24,22.000,10.900,0.100
2022-07-25,22.300,9.800,0.000
2022-07-26,22.100,10.600,0.000
2022-07-27,22.000,11.100,0.000
2022-07-28,22.700,10.000,0.000
2022-07-29,26.200,9.600,0.000
2022-07-30,25.400,13.100,0.000
2022-07-31,22.300,13.000,1.000
2022-08-01,23.500,12.400,0.200
2022-08-02,24.800,12.200,0.000
2022-08-03,24.300,14.300,0.000
2022-08-04,24.300,10.900,0.000
2022-08-05,27.800,11.000,0.000
2022-08-06,24.600,12.100,0.000
2022-08-07,26.900,12.800,0.000
2022-08-08,27.600,14.300,0.000
2022-08-09,24.600,14.800,0.600
2022-08-10,27.400,15.500,0.000
2022-08-11,23.200,11.100,0.000
2022-08-12,21.900,10.600,0.000
2022-08-13,20.700,10.700,0.000
2022-08-14,20.500,8.700,0.000
2022-08-15,22.000,8.500,0.000
2022-08-16,25.400,10.100,0.000
2022-08-17,25.700,10.500,0.000
2022-08-18,25.300,14.100,0.000
2022-08-19,26.000,11.600,0.000
2022-08-20,20.000,11.700,0.000
2022-08-21,18.000,9.500,0.000
2022-08-22,21.800,7.500,0.000
2022-08-23,22.600,9.100,0.000
2022-08-24,24.100,9.100,0.000
2022-08-25,22.600,11.300,0.700
2022-08-26,23.100,13.000,0.400
2022-08-27,25.100,12.200,0.200
2022-08-28,26.900,12.500,0.000
2022-08-29,23.700,13.400,0.000
2022-08-30,22.700,10.900,0.200
2022-08-31,19.300,7.300,0.000
2022-09-01,20.900,7.900,0.000
2022-09-02,22.700,9.600,0.000
2022-09-03,26.200,8.600,0.000
2022-09-04,25.700,11.500,0.000
2022-09-05,20.900,14.500,0.000
2022-09-06,21.700,13.600,0.700
2022-09-07,21.500,10.200,0.000
2022-09-08,26.000,10.900,0.000
2022-09-09,27.700,10.400,0.000
2022-09-10,30.600,13.300,0.000
2022-09-11,29.100,14.500,0.000
2022-09-12,26.200,16.000,0.000
2022-09-13,29.500,15.100,0.200
2022-09-14,32.400,14.300,0.000
2022-09-15,27.000,14.400,0.000
2022-09-16,24.500,14.800,11.700
2022-09-17,16.900,13.100,18.800
2022-09-18,20.800,12.700,0.000
2022-09-19,24.100,10.400,0.000
2022-09-20,27.300,11.700,0.000
2022-09-21,28.300,16.600,0.200
2022-09-22,26.700,18.200,2.600
2022-09-23,29.600,19.200,0.000
2022-09-24,25.700,13.200,0.100
2022-09-25,25.500,13.600,0.200
2022-09-26,26.900,13.800,0.000
2022-09-27,23.400,17.100,3.500
2022-09-28,25.200,15.800,18.800
2022-09-29,21.400,16.600,7.800
2022-09-30,20.900,16.100,0.900
2022-10-01,24.200,16.000,0.100
2022-10-02,27.200,14.100,1.200
2022-10-03,26.400,16.500,12.500
2022-10-04,25.400,17.000,27.700
2022-10-05,26.300,16.500,2.000
2022-10-06,25.400,17.000,1.400
2022-10-07,27.400,17.300,19.700
2022-10-08,26.600,16.100,11.200
2022-10-09,26.700,18.100,0.000
2022-10-10,26.100,16.600,0.200
2022-10-11,26.700,17.600,0.800
2022-10-12,27.700,14.400,0.000
2022-10-13,26.200,14.900,0.000
2022-10-14,25.200,14.500,0.000
2022-10-15,25.600,16.300,0.500
2022-10-16,24.500,13.700,0.500
2022-10-17,26.700,13.100,0.000
2022-10-18,26.300,15.400,0.300
2022-10-19,26.400,17.800,3.100
2022-10-20,25.800,17.200,2.000
2022-10-21,27.400,16.900,5.200
2022-10-22,24.600,17.500,2.400
2022-10-23,22.300,16.800,10.400
2022-10-24,24.600,16.200,8.200
2022-10-25,26.300,14.800,0.900
2022-10-26,25.800,15.900,1.500
2022-10-27,27.600,17.500,0.500
2022-10-28,28.700,15.900,3.700
2022-10-29,28.700,17.000,0.000
2022-10-30,27.600,18.500,13.100
2022-10-31,26.300,19.000,10.800
2022-11-01,25.000,17.400,26.700
2022-11-02,20.700,13.500,16.200
2022-11-03,15.200,12.600,7.800
2022-11-04,19.200,10.800,0.800
2022-11-05,22.200,9.600,0.000
2022-11-06,23.700,10.200,0.000
2022-11-07,24.300,11.700,1.300
2022-11-08,26.000,14.100,13.300
2022-11-09,25.900,15.700,2.500
2022-11-10,26.200,14.100,0.000
2022-11-11,28.200,16.600,24.900
2022-11-12,23.300,17.900,41.200
2022-11-13,28.100,16.500,17.100
2022-11-14,27.800,18.100,30.100
2022-11-15,25.400,18.700,27.500
2022-11-16,23.500,17.400,26.000
2022-11-17,26.300,16.100,0.500
2022-11-18,25.800,13.200,0.000
2022-11-19,24.400,11.900,0.000
2022-11-20,24.800,13.700,0.300
2022-11-21,26.200,14.400,1.500
2022-11-22,25.200,17.500,1.700
2022-11-23,24.000,17.900,8.600
2022-11-24,23.900,16.500,24.200
2022-11-25,26.000,16.300,0.300
2022-11-26,24.900,17.000,10.200
2022-11-27,25.300,17.100,22.300
2022-11-28,25.100,16.400,8.500
2022-11-29,27.100,17.200,16.100
2022-11-30,25.200,17.300,21.200
2022-12-01,25.100,17.600,12.900
2022-12-02,24.400,18.400,13.500
2022-12-03,22.000,17.800,2.900
2022-12-04,23.600,17.700,9.200
2022-12-05,23.400,17.300,1.000
2022-12-06,23.100,17.000,8.000
2022-12-07,22.900,17.700,53.900
2022-12-08,26.400,18.300,15.400
2022-12-09,28.500,17.700,0.400
2022-12-10,28.700,18.800,7.500
2022-12-11,27.100,17.900,11.300
2022-12-12,27.700,18.600,3.900
2022-12-13,25.800,19.600,10.500
2022-12-14,20.300,17.000,7.800
2022-12-15,20.000,15.500,0.700
2022-12-16,25.000,13.600,1.000
2022-12-17,26.400,15.900,18.400
2022-12-18,24.900,17.600,20.600
2022-12-19,20.500,18.200,19.900
2022-12-20,22.700,18.200,39.400
2022-12-21,22.700,18.400,31.200
2022-12-22,24.000,16.700,2.000
2022-12-23,23.200,15.000,1.200
2022-12-24,23.800,16.700,2.500
2022-12-25,23.500,17.300,6.400
2022-12-26,25.000,17.500,13.200
2022-12-27,24.500,18.300,2.700
2022-12-28,26.600,16.800,0.600
2022-12-29,27.400,18.600,3.900
2022-12-30,26.800,17.000,2.400
2022-12-31,25.700,18.300,1.700
2023-01-01,24.900,18.400,15.500
2023-01-02,24.300,17.000,16.200
2023-01-03,26.400,17.300,15.000
2023-01-04,26.500,18.800,9.100
2023-01-05,26.500,17.900,7.300
2023-01-06,25.600,18.600,27.000
2023-01-07,25.100,17.300,50.400
2023-01-08,22.600,17.900,27.100
2023-01-09,26.900,17.200,17.600
2023-01-10,25.100,18.300,25.600
2023-01-11,26.600,17.400,3.500
2023-01-12,25.700,18.500,3.300
2023-01-13,27.700,17.300,6.300
2023-01-14,27.000,18.600,5.500
2023-01-15,26.900,18.200,1.100
2023-01-16,27.300,16.700,0.100
2023-01-17,26.500,16.800,0.200
2023-01-18,26.700,18.200,7.200
2023-01-19,25.400,17.500,14.400
2023-01-20,24.400,17.700,11.800
2023-01-21,22.200,18.000,14.600
2023-01-22,25.900,18.400,4.600
2023-01-23,26.900,18.500,9.000
2023-01-24,26.200,19.200,11.800
2023-01-25,25.500,18.700,34.100
2023-01-26,23.600,17.600,8.300
2023-01-27,25.200,18.000,9.100
2023-01-28,26.900,17.300,0.700
2023-01-29,27.000,18.200,4.500
2023-01-30,25.400,18.500,0.800
2023-01-31,28.400,16.700,0.100
2023-02-01,26.400,16.900,0.300
2023-02-02,27.800,17.100,0.000
2023-02-03,28.600,16.900,0.000
2023-02-04,28.700,17.300,0.200
2023-02-05,29.800,18.300,2.400
2023-02-06,27.800,19.400,3.200
2023-02-07,28.200,18.400,6.300
2023-02-08,26.000,18.700,12.600
2023-02-09,26.800,17.700,17.200
2023-02-10,27.100,17.600,1.000
2023-02-11,28.200,16.600,0.000
2023-02-12,27.400,18.700,5.100
2023-02-13,28.200,17.500,2.700
2023-02-14,28.800,17.600,1.700
2023-02-15,28.800,18.200,0.400
2023-02-16,27.700,19.000,6.100
2023-02-17,28.700,19.200,4.100
2023-02-18,25.900,19.500,2.300
2023-02-19,26.400,18.200,8.500
2023-02-20,26.900,16.900,1.300
2023-02-21,27.300,16.700,1.400
2023-02-22,26.700,17.700,0.700
2023-02-23,26.300,17.400,0.900
2023-02-24,26.700,17.100,0.200
2023-02-25,28.800,16.900,0.000
2023-02-26,28.700,17.600,0.200
2023-02-27,28.100,15.800,0.300
2023-02-28,27.500,16.100,0.300
2023-03-01,27.600,16.500,1.000
2023-03-02,27.900,17.500,0.500
2023-03-03,27.700,17.300,0.400
2023-03-04,28.400,16.800,0.500
2023-03-05,28.500,16.400,0.000
2023-03-06,28.300,16.100,0.000
2023-03-07,28.700,18.600,3.300
2023-03-08,26.300,18.500,6.400
2023-03-09,27.400,17.300,1.200
2023-03-10,28.100,18.900,0.100
2023-03-11,27.900,16.700,0.100
2023-03-12,26.000,18.700,0.000
2023-03-13,26.100,17.600,1.100
2023-03-14,23.500,17.400,3.100
2023-03-15,26.900,15.600,2.900
2023-03-16,26.800,17.300,2.100
2023-03-17,27.400,15.600,0.400
2023-03-18,27.500,18.000,3.400
2023-03-19,27.200,17.700,1.000
2023-03-20,27.800,16.900,0.400
2023-03-21,27.800,16.700,0.900
2023-03-22,28.100,16.500,0.400
2023-03-23,27.300,16.900,0.300
2023-03-24,27.800,16.200,0.000
2023-03-25,29.700,17.300,0.000
2023-03-26,28.500,16.200,0.900
2023-03-27,28.500,16.500,0.500
2023-03-28,27.200,18.300,0.900
2023-03-29,28.400,17.500,0.200
2023-03-30,28.300,16.300,0.000
2023-03-31,29.000,14.300,0.000
2023-04-01,29.200,16.300,0.600
2023-04-02,25.100,18.100,2.000
2023-04-03,23.900,17.700,2.400
2023-04-04,25.800,16.100,0.200
2023-04-05,26.500,16.500,0.300
2023-04-06,26.800,16.800,2.700
2023-04-07,26.700,17.900,4.700
2023-04-08,26.900,17.900,12.500
2023-04-09,22.200,18.300,1.400
2023-04-10,24.100,16.000,1.500
2023-04-11,23.000,16.800,0.000
2023-04-12,24.400,16.000,4.100
2023-04-13,26.600,16.100,1.300
2023-04-14,27.500,17.000,9.000
2023-04-15,27.800,17.500,4.000
2023-04-16,24.900,16.300,0.000
2023-04-17,26.000,14.700,0.100
2023-04-18,28.600,16.100,0.100
2023-04-19,27.000,20.200,1.000
2023-04-20,25.700,16.300,0.000
2023-04-21,22.500,14.800,0.000
2023-04-22,21.000,14.700,0.500
2023-04-23,23.000,15.500,0.000
2023-04-24,22.900,13.600,0.000
2023-04-25,24.200,12.600,0.000
2023-04-26,24.600,15.500,0.700
2023-04-27,26.500,15.600,0.000
2023-04-28,24.700,17.400,11.500
2023-04-29,22.200,16.200,22.800
2023-04-30,22.900,14.900,2.500
2023-05-01,23.600,13.500,0.200
2023-05-02,24.200,14.600,0.100
2023-05-03,24.500,15.800,0.400
2023-05-04,25.400,16.100,0.000
2023-05-05,25.400,16.600,0.000
2023-05-06,24.700,14.500,0.100
2023-05-07,23.800,13.300,0.000
2023-05-08,24.000,14.800,0.000
2023-05-09,24.500,15.500,0.300
2023-05-10,24.500,16.300,0.000
2023-05-11,25.300,15.000,1.800
2023-05-12,23.500,15.700,1.800
2023-05-13,21.800,15.400,1.200
2023-05-14,23.100,13.500,1.700
2023-05-15,24.600,14.700,0.200
2023-05-16,24.300,11.700,0.000
2023-05-17,22.100,10.300,0.000
2023-05-18,20.900,9.600,0.000
2023-05-19,20.300,9.200,0.000
2023-05-20,20.700,8.000,0.000
2023-05-21,21.600,11.300,0.000
2023-05-22,21.500,12.100,0.100
2023-05-23,20.800,11.700,0.000
2023-05-24,21.400,13.700,0.900
2023-05-25,22.000,14.000,0.300
2023-05-26,22.600,13.100,0.100
2023-05-27,22.900,11.100,0.000
2023-05-28,24.400,11.800,0.000
2023-05-29,19.600,12.600,0.000
2023-05-30,19.800,13.600,0.500
2023-05-31,22.800,13.100,0.200
2023-06-01,24.400,13.700,0.500
2023-06-02,22.000,12.500,0.000
2023-06-03,21.700,10.200,0.000
2023-06-04,21.100,11.000,0.000
2023-06-05,21.200,10.900,0.000
2023-06-06,20.700,9.400,0.000
2023-06-07,21.200,11.100,0.000
2023-06-08,21.300,11.000,0.000
2023-06-09,22.900,9.800,0.000
2023-06-10,24.100,10.800,0.000
2023-06-11,24.700,11.500,0.000
2023-06-12,24.900,12.200,0.100
2023-06-13,22.800,14.300,0.800
2023-06-14,23.200,12.900,0.400
2023-06-15,23.700,12.400,0.000
2023-06-16,23.000,12.800,0.000
2023-06-17,20.300,14.000,4.900
2023-06-18,20.500,12.700,0.700
2023-06-19,20.100,10.700,0.400
2023-06-20,19.800,9.500,0.000
2023-06-21,19.600,8.400,0.000
2023-06-22,19.600,8.600,0.000
2023-06-23,20.400,9.300,0.000
2023-06-24,21.800,10.700,0.000
2023-06-25,20.400,13.000,0.600
2023-06-26,22.000,10.000,0.000
2023-06-27,22.400,11.400,0.300
2023-06-28,22.600,12.100,0.000
2023-06-29,23.100,11.100,0.000
2023-06-30,22.400,10.500,0.000
2023-07-01,21.000,11.100,0.000
2023-07-02,23.100,10.500,0.000
2023-07-03,20.200,10.400,0.000
2023-07-04,19.400,7.000,0.000
2023-07-05,19.400,10.000,0.100
2023-07-06,18.500,8.000,0.600
2023-07-07,21.000,8.000,0.000
2023-07-08,23.100,9.400,0.000
2023-07-09,25.400,10.200,0.000
2023-07-10,24.000,12.900,0.000
2023-07-11,25.800,12.300,0.000
2023-07-12,26.100,15.700,0.000
2023-07-13,28.300,13.500,0.000
2023-07-14,23.300,13.900,0.600
2023-07-15,17.800,11.800,0.100
2023-07-16,23.000,9.900,0.000
2023-07-17,25.000,12.700,0.000
2023-07-18,25.600,14.900,0.000
2023-07-19,24.100,15.200,0.000
2023-07-20,21.900,15.400,3.300
2023-07-21,20.000,14.300,1.700
2023-07-22,21.600,13.600,0.000
2023-07-23,22.300,12.200,0.800
2023-07-24,21.700,15.600,1.800
2023-07-25,22.500,11.500,0.200
2023-07-26,21.700,14.000,10.100
2023-07-27,21.800,15.000,1.000
2023-07-28,23.900,12.300,0.000
2023-07-29,23.200,11.000,0.000
2023-07-30,19.400,14.100,0.900
2023-07-31,21.600,12.100,0.200
2023-08-01,21.700,11.100,0.000
2023-08-02,22.300,11.800,0.000
2023-08-03,25.400,10.500,0.000
2023-08-04,24.200,14.700,0.000
2023-08-05,24.500,11.500,0.000
2023-08-06,23.200,11.300,0.000
2023-08-07,24.500,9.900,0.000
2023-08-08,25.400,11.700,0.000
2023-08-09,22.300,12.400,0.400
2023-08-10,23.100,13.400,0.300
2023-08-11,24.600,11.200,0.000
2023-08-12,26.200,14.000,0.000
2023-08-13,23.900,15.700,0.000
2023-08-14,24.200,14.500,0.300
2023-08-15,24.200,14.600,0.600
2023-08-16,22.300,14.400,1.200
2023-08-17,22.700,13.700,0.300
2023-08-18,25.000,10.700,0.000
2023-08-19,26.900,13.100,0.500
2023-08-20,27.000,16.600,6.500
2023-08-21,24.300,14.200,1.800
2023-08-22,26.000,14.400,0.000
2023-08-23,28.500,13.300,0.000
2023-08-24,29.100,15.400,0.000
2023-08-25,29.500,15.900,0.500
2023-08-26,26.400,15.000,8.200
2023-08-27,17.500,14.500,3.500
2023-08-28,18.600,13.300,12.800
2023-08-29,23.100,15.100,7.000
2023-08-30,25.800,14.300,0.900
2023-08-31,25.300,15.200,0.600
2023-09-01,23.200,16.600,0.600
2023-09-02,23.400,15.200,0.800
2023-09-03,25.800,13.900,0.000
2023-09-04,26.600,14.300,0.000
2023-09-05,27.700,14.400,0.100
2023-09-06,23.200,17.000,10.900
2023-09-07,23.000,15.100,0.400
2023-09-08,23.600,13.100,0.000
2023-09-09,24.200,10.600,0.000
2023-09-10,23.500,12.500,0.200
2023-09-11,23.900,14.100,0.400
2023-09-12,25.400,11.500,0.000
2023-09-13,26.900,14.100,0.100
2023-09-14,29.500,13.800,0.000
2023-09-15,24.300,16.200,5.100
2023-09-16,25.700,15.800,8.500
2023-09-17,26.100,13.300,0.100
2023-09-18,25.700,13.900,0.100
2023-09-19,26.700,12.300,0.000
2023-09-20,26.000,13.400,0.000
2023-09-21,24.900,14.800,0.100
2023-09-22,26.200,12.800,0.000
2023-09-23,28.900,14.200,0.000
2023-09-24,31.000,15.100,0.000
2023-09-25,32.700,19.900,0.000
2023-09-26,30.500,19.900,0.100
2023-09-27,32.600,18.300,0.000
2023-09-28,29.200,19.100,6.400
2023-09-29,20.900,16.800,0.900
2023-09-30,23.000,16.400,0.300
2023-10-01,21.300,15.300,2.900
2023-10-02,27.600,16.500,13.700
2023-10-03,27.400,18.100,4.100
2023-10-04,29.900,17.200,0.200
2023-10-05,27.400,19.500,2.500
2023-10-06,29.400,19.200,0.300
2023-10-07,30.400,18.400,0.000
2023-10-08,28.700,18.100,0.500
2023-10-09,30.400,17.200,0.100
2023-10-10,26.900,19.200,2.500
2023-10-11,25.000,19.100,1.700
2023-10-12,30.000,15.000,0.600
2023-10-13,29.900,18.600,15.800
2023-10-14,24.700,18.800,15.600
2023-10-15,24.800,17.600,0.800
2023-10-16,27.500,17.000,0.300
2023-10-17,29.500,16.300,0.000
2023-10-18,29.200,19.000,8.700
2023-10-19,24.200,19.100,2.200
2023-10-20,23.000,18.000,0.700
2023-10-21,23.000,17.700,1.900
2023-10-22,24.400,17.300,1.100
2023-10-23,27.400,16.400,0.100
2023-10-24,30.600,13.900,0.000
2023-10-25,30.200,19.600,13.500
2023-10-26,29.500,18.500,12.100
2023-10-27,26.800,18.700,14.100
2023-10-28,27.100,19.300,3.100
2023-10-29,28.500,19.600,0.300
2023-10-30,30.400,19.300,13.000
2023-10-31,28.600,19.800,36.600
2023-11-01,28.600,19.600,17.600
2023-11-02,25.600,18.900,7.600
2023-11-03,27.500,19.500,2.200
2023-11-04,28.900,19.800,1.200
2023-11-05,28.500,18.600,0.000
2023-11-06,25.500,16.500,0.900
2023-11-07,25.000,13.300,0.000
2023-11-08,25.900,11.500,0.000
2023-11-09,28.200,11.800,0.000
2023-11-10,30.300,16.600,0.000
2023-11-11,30.600,16.800,0.000
2023-11-12,32.900,19.000,0.000
2023-11-13,33.300,22.700,0.000
2023-11-14,34.300,20.400,0.000
2023-11-15,33.300,19.100,0.000
2023-11-16,33.200,18.800,0.000
2023-11-17,33.600,21.200,0.000
2023-11-18,35.200,20.200,0.000
2023-11-19,32.300,20.700,3.800
2023-11-20,25.600,19.200,20.700
2023-11-21,26.800,19.100,4.500
2023-11-22,28.900,18.200,0.300
2023-11-23,30.300,16.600,0.100
2023-11-24,29.200,18.700,0.900
2023-11-25,24.100,17.100,0.100
2023-11-26,23.800,15.500,0.000
2023-11-27,25.600,15.900,0.100
2023-11-28,28.000,17.100,0.600
2023-11-29,28.100,17.900,0.100
2023-11-30,27.700,19.600,10.300
2023-12-01,29.600,19.200,6.200
2023-12-02,27.900,19.800,7.500
2023-12-03,26.900,19.200,4.500
2023-12-04,28.900,19.400,2.500
2023-12-05,28.200,18.200,0.600
2023-12-06,27.200,17.900,0.000
2023-12-07,29.900,17.600,0.000
2023-12-08,30.700,18.300,0.400
2023-12-09,28.800,19.500,2.100
2023-12-10,27.100,17.300,1.700
2023-12-11,27.900,17.700,1.900
2023-12-12,28.200,18.800,6.500
2023-12-13,26.500,18.100,2.700
2023-12-14,27.100,18.400,0.600
2023-12-15,28.000,16.100,0.000
2023-12-16,28.900,16.500,0.000
2023-12-17,27.300,16.700,0.300
2023-12-18,29.800,16.600,0.000
2023-12-19,26.700,17.800,6.100
2023-12-20,27.500,16.100,2.700
2023-12-21,27.400,16.400,10.300
2023-12-22,28.300,18.400,2.400
2023-12-23,26.100,19.500,12.900
2023-12-24,25.500,20.000,2.500
2023-12-25,30.500,19.700,0.500
2023-12-26,28.900,19.300,4.700
2023-12-27,27.300,19.700,13.000
2023-12-28,24.700,18.300,6.100
2023-12-29,29.000,16.100,0.600
2023-12-30,28.700,19.800,27.800
2023-12-31,25.100,18.500,8.900
2024-01-01,20.400,18.600,13.800
2024-01-02,24.100,17.900,22.900
2024-01-03,24.100,19.200,23.600
2024-01-04,23.200,19.300,16.400
2024-01-05,27.800,19.200,8.300
2024-01-06,27.800,19.200,0.800
2024-01-07,26.900,18.100,2.700
2024-01-08,27.100,18.700,2.400
2024-01-09,26.400,20.100,8.000
2024-01-10,27.300,20.100,3.300
2024-01-11,27.900,19.800,13.700
2024-01-12,28.600,17.800,3.000
2024-01-13,28.200,19.600,13.600
2024-01-14,27.400,18.800,5.900
2024-01-15,28.400,20.000,1.400
2024-01-16,28.900,18.600,1.200
2024-01-17,29.500,18.100,0.000
2024-01-18,29.800,17.900,0.000
2024-01-19,28.500,18.100,0.000
2024-01-20,29.900,20.000,5.400
2024-01-21,27.100,20.100,6.700
2024-01-22,28.100,19.100,1.700
2024-01-23,27.300,18.900,24.000
2024-01-24,25.100,15.800,112.200
2024-01-25,25.900,18.400,4.500
2024-01-26,26.400,17.700,3.700
2024-01-27,24.400,18.500,2.800
2024-01-28,26.600,19.600,6.700
2024-01-29,27.500,19.000,6.200
2024-01-30,28.200,18.800,7.800
2024-01-31,24.000,19.000,8.300
2024-02-01,25.400,17.000,5.700
2024-02-02,26.900,17.800,13.600
2024-02-03,27.100,17.700,0.500
2024-02-04,27.100,19.200,0.600
2024-02-05,26.900,17.900,2.200
2024-02-06,26.600,18.100,11.500
2024-02-07,27.400,18.200,9.600
2024-02-08,26.500,19.500,3.500
2024-02-09,26.000,17.000,0.600
2024-02-10,26.200,16.800,1.100
2024-02-11,25.800,18.600,4.100
2024-02-12,27.900,17.100,0.200
2024-02-13,29.300,18.200,0.000
2024-02-14,29.300,16.400,0.000
2024-02-15,24.800,19.100,17.400
2024-02-16,26.800,18.700,6.500
2024-02-17,27.900,17.600,5.200
2024-02-18,25.600,18.100,8.000
2024-02-19,26.300,17.500,18.200
2024-02-20,23.800,18.900,19.000
2024-02-21,23.500,19.400,14.600
2024-02-22,24.300,19.500,19.900
2024-02-23,26.500,19.400,0.400
2024-02-24,27.500,18.400,0.500
2024-02-25,28.400,19.000,0.400
2024-02-26,28.300,18.100,0.000
2024-02-27,28.200,18.800,0.000
2024-02-28,29.500,17.000,1.200
2024-02-29,29.100,20.600,1.300
2024-03-01,30.300,19.600,3.700
2024-03-02,27.000,19.300,0.600
2024-03-03,25.600,18.600,2.400
2024-03-04,26.700,16.900,0.300
2024-03-05,27.500,17.400,2.200
2024-03-06,28.200,18.600,12.100
2024-03-07,28.000,19.900,2.400
2024-03-08,27.300,18.600,1.300
2024-03-09,29.100,17.800,0.000
2024-03-10,27.400,19.700,2.400
2024-03-11,28.000,19.400,0.700
2024-03-12,26.100,20.200,3.000
2024-03-13,28.100,17.800,0.300
2024-03-14,28.600,16.700,0.000
2024-03-15,29.300,17.900,0.000
2024-03-16,29.400,17.500,0.000
2024-03-17,30.600,18.200,0.000
2024-03-18,30.100,20.800,1.900
2024-03-19,29.200,20.900,0.600
2024-03-20,29.200,20.000,0.000
2024-03-21,28.800,19.300,1.100
2024-03-22,27.300,19.400,16.200
2024-03-23,21.500,18.100,24.900
2024-03-24,25.200,16.100,1.000
2024-03-25,25.500,18.500,1.200
2024-03-26,25.500,17.700,0.400
2024-03-27,24.600,17.600,1.000
2024-03-28,24.300,18.800,1.800
2024-03-29,26.400,18.200,0.000
2024-03-30,28.600,17.900,5.700
2024-03-31,26.100,18.200,8.100
2024-04-01,25.700,16.200,0.700
2024-04-02,26.800,18.000,4.900
2024-04-03,26.700,19.200,10.000
2024-04-04,27.100,18.900,0.200
2024-04-05,27.100,17.000,0.000
2024-04-06,26.600,15.900,0.100
2024-04-07,25.800,15.600,0.300
2024-04-08,25.800,14.200,0.000
2024-04-09,26.600,16.200,0.000
2024-04-10,26.600,18.400,0.400
2024-04-11,26.600,18.600,0.200
2024-04-12,26.800,17.200,0.600
2024-04-13,25.500,17.500,0.800
2024-04-14,26.000,15.200,0.000
2024-04-15,25.500,16.200,0.300
2024-04-16,25.600,15.700,0.300
2024-04-17,25.600,16.200,0.000
2024-04-18,26.100,17.400,2.000
2024-04-19,22.300,15.500,3.000
2024-04-20,22.900,15.500,0.000
2024-04-21,23.900,13.900,0.100
2024-04-22,26.000,14.900,0.400
2024-04-23,26.100,16.000,0.500
2024-04-24,27.100,16.700,0.200
2024-04-25,27.800,17.800,0.000
2024-04-26,25.800,17.300,0.600
2024-04-27,23.500,16.800,0.600
2024-04-28,26.900,15.700,0.000
2024-04-29,27.500,17.000,0.000
2024-04-30,28.100,16.200,0.000
2024-05-01,27.100,17.200,0.000
2024-05-02,27.200,16.000,0.000
2024-05-03,27.200,15.600,0.000
2024-05-04,25.700,17.500,0.000
2024-05-05,25.100,14.400,0.000
2024-05-06,23.500,14.900,0.000
2024-05-07,25.800,15.200,0.000
2024-05-08,25.800,15.300,0.100
2024-05-09,26.500,15.300,0.000
2024-05-10,26.300,17.600,0.100
2024-05-11,26.700,17.000,0.300
2024-05-12,27.400,16.800,0.400
2024-05-13,28.200,15.400,0.000
2024-05-14,28.400,13.300,0.000
2024-05-15,25.600,14.200,0.000
2024-05-16,24.900,16.000,0.200
2024-05-17,26.200,15.200,0.000
2024-05-18,25.900,14.800,0.000
2024-05-19,25.200,15.900,0.000
2024-05-20,24.700,15.800,0.000
2024-05-21,24.100,15.400,0.000
2024-05-22,23.800,14.100,0.000
2024-05-23,25.400,14.200,0.000
2024-05-24,24.900,12.100,0.000
2024-05-25,24.900,13.200,0.000
2024-05-26,23.200,15.600,0.400
2024-05-27,23.600,15.300,0.700
2024-05-28,24.800,14.200,0.000
2024-05-29,24.800,16.100,0.100
2024-05-30,22.600,14.000,0.200
2024-05-31,20.800,10.500,0.000
2024-06-01,22.000,9.800,0.000
2024-06-02,21.200,12.100,0.000
2024-06-03,22.700,13.100,0.000
2024-06-04,24.000,13.900,0.000
2024-06-05,22.900,11.600,0.000
2024-06-06,22.000,12.600,0.000
2024-06-07,22.400,14.300,0.000
2024-06-08,23.200,14.200,0.000
2024-06-09,22.600,13.200,0.100
2024-06-10,23.900,12.900,0.000
2024-06-11,24.100,13.000,0.000
2024-06-12,23.200,14.000,0.000
2024-06-13,22.700,11.900,0.000
2024-06-14,23.100,12.800,0.400
2024-06-15,23.000,11.200,0.000
2024-06-16,23.900,14.000,0.100
2024-06-17,23.200,12.600,0.000
2024-06-18,23.000,10.500,0.000
2024-06-19,23.800,12.300,0.000
2024-06-20,23.400,13.200,0.000
2024-06-21,22.500,14.400,0.000
2024-06-22,23.500,13.100,0.100
2024-06-23,23.300,12.400,0.400
2024-06-24,23.700,13.500,0.000
2024-06-25,24.900,12.200,0.000
2024-06-26,23.900,13.700,0.000
2024-06-27,26.200,11.900,0.000
2024-06-28,25.200,13.800,0.000
2024-06-29,26.500,12.200,0.000
2024-06-30,24.700,12.700,0.000
2024-07-01,23.000,13.200,1.700
2024-07-02,23.200,13.700,0.200
2024-07-03,23.100,13.500,0.000
2024-07-04,22.900,11.400,0.000
2024-07-05,23.100,10.700,0.000
2024-07-06,23.400,13.100,0.000
2024-07-07,23.000,11.000,0.000
2024-07-08,25.800,13.200,0.000
2024-07-09,25.100,14.600,0.000
2024-07-10,25.000,12.400,0.000
2024-07-11,25.400,15.700,0.000
2024-07-12,23.600,14.900,0.000
2024-07-13,22.400,12.300,0.000
2024-07-14,22.400,12.200,0.200
2024-07-15,22.700,14.100,0.000
2024-07-16,22.300,11.900,0.000
2024-07-17,22.500,12.300,0.200
2024-07-18,23.300,14.200,0.000
2024-07-19,22.500,10.500,0.000
2024-07-20,21.600,11.100,0.000
2024-07-21,22.900,11.400,0.000
2024-07-22,23.500,11.800,0.000
2024-07-23,23.000,13.400,0.000
2024-07-24,21.600,11.200,0.000
2024-07-25,21.700,9.600,0.000
2024-07-26,22.700,10.700,0.000
2024-07-27,24.200,12.000,0.100
2024-07-28,24.700,11.900,0.000
2024-07-29,24.300,12.800,0.000
2024-07-30,23.500,13.300,0.000
2024-07-31,22.000,13.000,0.200
2024-08-01,21.900,11.700,0.000
2024-08-02,23.200,11.700,0.000
2024-08-03,22.900,12.300,0.400
2024-08-04,23.900,15.800,1.100
2024-08-05,23.600,15.400,0.200
2024-08-06,24.500,13.800,0.000
2024-08-07,24.600,11.500,0.000
2024-08-08,25.600,11.800,0.100
2024-08-09,26.600,13.000,0.000
2024-08-10,26.900,13.000,0.000
2024-08-11,22.500,9.000,0.000
2024-08-12,26.300,10.200,0.000
2024-08-13,20.700,7.400,0.000
2024-08-14,23.000,9.200,0.000
2024-08-15,25.300,10.100,0.000
2024-08-16,26.000,13.600,0.000
2024-08-17,27.100,14.700,0.000
2024-08-18,26.900,14.900,0.000
2024-08-19,25.500,10.800,0.000
2024-08-20,26.500,11.800,0.000
2024-08-21,26.900,16.700,0.000
2024-08-22,25.700,12.100,0.000
2024-08-23,27.400,11.400,0.000
2024-08-24,28.600,13.700,0.000
2024-08-25,26.500,14.400,0.000
2024-08-26,22.500,12.400,0.500
2024-08-27,20.000,12.000,0.000
2024-08-28,22.700,11.000,0.000
2024-08-29,22.500,9.800,0.100
2024-08-30,24.500,9.200,0.000
2024-08-31,26.800,14.400,0.000
2024-09-01,27.400,11.900,0.000
2024-09-02,30.500,13.300,0.000
2024-09-03,30.800,16.100,0.000
2024-09-04,30.400,18.200,0.000
2024-09-05,30.600,14.400,0.000
2024-09-06,28.200,15.400,0.000
2024-09-07,27.900,13.900,0.000
2024-09-08,27.900,13.500,0.000
2024-09-09,26.300,12.700,0.000
2024-09-10,27.200,12.100,0.000
2024-09-11,27.800,12.000,0.000
2024-09-12,27.700,12.500,0.100
2024-09-13,27.700,13.000,0.000
2024-09-14,28.300,12.900,0.000
2024-09-15,27.900,13.000,0.000
2024-09-16,29.300,15.400,0.000
2024-09-17,26.200,15.800,1.000
2024-09-18,25.600,14.900,0.000
2024-09-19,27.300,12.900,0.000
2024-09-20,27.600,15.100,0.100
2024-09-21,29.800,14.800,0.000
2024-09-22,27.000,16.400,0.000
2024-09-23,29.000,15.300,0.000
2024-09-24,28.800,14.500,0.000
2024-09-25,29.500,15.100,0.000
2024-09-26,29.100,16.300,0.000
2024-09-27,31.600,14.800,0.000
2024-09-28,30.100,16.800,0.000
2024-09-29,25.800,19.000,0.000
2024-09-30,27.000,15.100,0.300
2024-10-01,28.700,17.000,0.100
2024-10-02,30.800,14.000,0.000
2024-10-03,31.600,17.600,0.000
2024-10-04,28.300,18.400,0.100
2024-10-05,24.500,17.200,0.000
2024-10-06,28.500,15.100,0.000
2024-10-07,27.300,14.500,0.000
2024-10-08,33.400,15.600,0.100
2024-10-09,34.400,19.700,14.100
2024-10-10,23.000,18.900,10.300
2024-10-11,25.500,17.300,6.300
2024-10-12,26.100,18.500,7.800
2024-10-13,26.800,18.000,1.200
2024-10-14,26.600,18.100,0.200
2024-10-15,25.200,15.800,0.000
2024-10-16,26.600,14.500,0.000
2024-10-17,29.200,16.300,1.200
2024-10-18,28.900,18.700,0.500
2024-10-19,25.800,18.400,4.300
2024-10-20,21.600,18.600,17.000
2024-10-21,22.000,18.200,10.000
2024-10-22,25.000,17.000,1.300
2024-10-23,26.900,16.000,0.400
2024-10-24,28.200,16.700,2.900
2024-10-25,26.800,18.400,3.200
2024-10-26,30.500,18.500,8.000
2024-10-27,25.900,18.300,21.500
2024-10-28,21.400,17.000,20.400
2024-10-29,24.200,16.800,3.900
2024-10-30,23.400,17.100,12.500
2024-10-31,25.200,16.200,0.700
2024-11-01,25.300,15.100,0.800
2024-11-02,26.500,16.600,0.400
2024-11-03,25.500,18.500,0.900
2024-11-04,23.900,18.300,2.000
2024-11-05,21.700,17.600,6.900
2024-11-06,25.100,16.400,1.900
2024-11-07,26.300,18.300,10.000
2024-11-08,25.500,18.700,1.000
2024-11-09,23.800,19.100,18.600
2024-11-10,23.400,16.700,0.800
2024-11-11,27.000,17.200,0.500
2024-11-12,29.200,15.400,5.800
2024-11-13,26.000,17.100,5.300
2024-11-14,23.700,17.900,10.700
2024-11-15,25.500,17.200,6.600
2024-11-16,24.600,17.400,10.300
2024-11-17,24.700,17.000,5.700
2024-11-18,27.500,16.100,1.600
2024-11-19,28.300,17.700,1.700
2024-11-20,29.100,17.500,1.100
2024-11-21,27.500,19.100,6.400
2024-11-22,25.400,18.400,7.300
2024-11-23,21.600,16.400,13.800
2024-11-24,23.200,13.900,0.100
2024-11-25,24.100,15.000,0.000
2024-11-26,26.500,14.000,0.300
2024-11-27,29.400,14.700,0.000
2024-11-28,30.500,16.700,0.000
2024-11-29,30.700,18.400,3.400
2024-11-30,29.600,19.700,18.200
2024-12-01,26.700,19.000,7.000
2024-12-02,28.900,19.000,2.000
2024-12-03,28.800,19.400,9.400
2024-12-04,25.200,19.400,18.100
2024-12-05,28.300,18.500,1.600
2024-12-06,28.300,16.100,0.000
2024-12-07,30.400,16.000,0.000
2024-12-08,31.900,18.600,0.000
2024-12-09,30.600,18.700,0.400
2024-12-10,28.500,19.300,8.500
2024-12-11,25.000,17.500,5.000
2024-12-12,23.100,16.600,1.400
2024-12-13,26.400,17.100,3.500
2024-12-14,26.900,18.300,9.500
2024-12-15,24.000,18.300,15.500
2024-12-16,27.500,17.800,8.500
2024-12-17,28.200,18.400,12.200
2024-12-18,27.700,16.900,5.600
2024-12-19,27.900,18.000,7.000
2024-12-20,27.300,18.200,1.300
2024-12-21,25.700,19.100,9.800
2024-12-22,24.200,19.300,5.600
2024-12-23,27.900,18.800,24.600
2024-12-24,25.000,18.200,20.800
2024-12-25,24.400,18.400,19.000
2024-12-26,26.600,18.500,2.100
2024-12-27,24.500,19.200,2.500
2024-12-28,25.800,19.000,21.200
2024-12-29,21.300,18.100,7.600
2024-12-30,24.600,16.800,5.300
2024-12-31,25.400,17.500,0.800
2025-01-01,26.100,17.800,27.600
2025-01-02,26.500,16.200,5.600
2025-01-03,26.700,17.800,14.500
2025-01-04,26.000,18.700,9.900
2025-01-05,26.800,18.100,14.000
2025-01-06,27.000,18.000,2.800
2025-01-07,27.100,18.000,13.700
2025-01-08,27.300,18.100,32.500
2025-01-09,26.100,17.900,24.200
2025-01-10,25.600,18.000,1.700
2025-01-11,26.500,17.500,6.400
2025-01-12,27.100,18.500,28.700
2025-01-13,22.100,18.200,31.200
2025-01-14,23.500,18.200,7.900
2025-01-15,21.800,17.600,11.000
2025-01-16,25.500,18.000,8.300
2025-01-17,29.300,18.700,1.900
2025-01-18,28.400,18.400,0.300
2025-01-19,28.800,18.700,0.500
2025-01-20,30.400,18.800,0.100
2025-01-21,31.700,19.200,0.500
2025-01-22,31.600,20.000,3.000
2025-01-23,30.300,19.500,0.400
2025-01-24,29.100,19.300,0.100
2025-01-25,29.600,19.500,0.500
2025-01-26,29.500,18.300,1.700
2025-01-27,29.600,18.100,7.100
2025-01-28,29.100,18.300,0.300
2025-01-29,26.000,19.600,5.600
2025-01-30,25.500,18.900,5.800
2025-01-31,27.400,18.800,12.600
2025-02-01,27.500,18.400,5.200
2025-02-02,27.000,18.800,0.600
2025-02-03,28.600,17.300,0.800
2025-02-04,28.400,18.300,0.800
2025-02-05,28.500,17.400,0.100
2025-02-06,28.300,16.500,0.000
2025-02-07,27.600,17.000,0.600
2025-02-08,25.900,18.400,0.100
2025-02-09,26.700,17.500,0.400
2025-02-10,26.500,17.400,0.900
2025-02-11,26.700,16.900,0.200
2025-02-12,28.100,17.700,0.200
2025-02-13,27.000,18.400,0.100
2025-02-14,28.400,17.300,0.000
2025-02-15,28.400,18.200,0.600
2025-02-16,28.900,17.600,0.100
2025-02-17,30.000,17.000,0.000
2025-02-18,30.100,16.300,0.000
2025-02-19,28.300,17.000,0.000
2025-02-20,29.600,17.100,0.000
2025-02-21,28.500,18.100,0.200
2025-02-22,26.600,17.300,0.200
2025-02-23,26.300,17.400,0.700
2025-02-24,27.300,17.300,0.600
2025-02-25,26.700,18.100,1.100
2025-02-26,27.700,16.900,0.000
2025-02-27,28.100,17.200,0.000
2025-02-28,27.300,18.000,1.100
2025-03-01,25.700,16.900,0.300
2025-03-02,26.800,17.300,0.400
2025-03-03,26.900,16.900,3.900
2025-03-04,25.800,18.000,2.100
2025-03-05,26.400,17.100,1.000
2025-03-06,26.700,15.800,0.000
2025-03-07,26.000,16.100,0.000
2025-03-08,27.300,15.800,0.000
2025-03-09,28.400,16.000,0.700
2025-03-10,29.000,16.400,0.000
2025-03-11,29.600,17.100,0.000
2025-03-12,29.200,18.100,0.100
2025-03-13,29.400,18.800,0.200
2025-03-14,29.600,19.000,0.200
2025-03-15,29.500,19.200,1.700
2025-03-16,28.400,19.800,1.000
2025-03-17,26.300,18.900,4.800
2025-03-18,27.600,18.100,2.100
2025-03-19,25.200,19.400,10.700
2025-03-20,25.800,18.500,2.600
2025-03-21,25.000,18.400,3.800
2025-03-22,24.500,18.300,6.600
2025-03-23,25.400,17.500,1.400
2025-03-24,26.700,17.800,11.600
2025-03-25,28.200,17.700,1.900
2025-03-26,26.000,17.400,1.400
2025-03-27,25.500,17.700,0.900
2025-03-28,27.400,16.400,0.100
2025-03-29,28.000,16.700,0.100
2025-03-30,26.900,17.700,0.500
2025-03-31,27.400,18.400,0.700
2025-04-01,27.600,18.900,1.100
2025-04-02,27.000,18.600,0.200
2025-04-03,27.400,17.400,1.200
2025-04-04,27.100,18.400,1.700
2025-04-05,21.600,16.800,23.800
2025-04-06,20.800,15.300,0.500
2025-04-07,21.600,14.700,0.300
2025-04-08,25.000,13.100,0.000
2025-04-09,25.800,15.500,0.400
2025-04-10,26.400,17.600,11.700
2025-04-11,25.300,15.600,0.000
2025-04-12,26.000,14.600,0.000
2025-04-13,25.600,14.600,0.500
2025-04-14,25.500,15.900,2.600
2025-04-15,25.500,16.400,1.000
2025-04-16,21.300,17.400,8.800
2025-04-17,25.900,16.600,0.900
2025-04-18,25.800,17.400,4.900
2025-04-19,25.400,18.200,20.200
2025-04-20,26.900,17.000,5.900
2025-04-21,25.200,17.200,1.000
2025-04-22,21.000,16.500,1.500
2025-04-23,23.000,16.400,2.100
2025-04-24,24.700,14.600,0.300
2025-04-25,26.400,16.800,1.200
2025-04-26,26.600,17.100,4.500
2025-04-27,25.700,17.100,2.400
2025-04-28,27.000,17.100,1.200
2025-04-29,25.000,17.400,0.900
2025-04-30,20.800,16.500,3.900
2025-05-01,23.100,15.500,0.400
2025-05-02,23.000,15.200,0.000
2025-05-03,23.300,12.800,0.100
2025-05-04,22.700,12.300,0.000
2025-05-05,22.500,12.800,0.100
2025-05-06,23.200,13.300,0.400
2025-05-07,23.100,13.800,0.600
2025-05-08,24.700,13.300,0.000
2025-05-09,26.200,17.100,4.000
2025-05-10,27.200,15.900,0.400
2025-05-11,25.900,16.200,0.800
2025-05-12,20.900,15.000,1.800
2025-05-13,21.000,13.700,0.100
2025-05-14,20.400,12.200,0.000
2025-05-15,21.500,12.500,0.300
2025-05-16,23.000,11.000,0.000
2025-05-17,22.500,12.100,0.000
2025-05-18,22.700,12.100,0.100
2025-05-19,23.200,13.200,0.000
2025-05-20,24.300,12.200,0.000
2025-05-21,24.700,11.200,0.000
2025-05-22,23.000,13.100,0.700
2025-05-23,24.700,13.000,0.000
2025-05-24,23.500,14.700,0.200
2025-05-25,22.900,11.800,0.000
2025-05-26,22.900,11.500,0.000
2025-05-27,23.400,15.800,0.300
2025-05-28,23.300,14.600,0.100
2025-05-29,23.700,13.600,0.000
2025-05-30,23.300,14.600,0.800
2025-05-31,24.000,16.300,3.000
2025-06-01,24.700,15.400,0.200
2025-06-02,22.600,14.600,0.200
2025-06-03,22.700,14.800,1.400
2025-06-04,24.600,12.600,0.100
2025-06-05,25.900,13.900,0.000
2025-06-06,26.100,13.700,0.200
2025-06-07,24.400,14.800,0.000
2025-06-08,24.300,14.700,0.600
2025-06-09,25.500,13.500,0.000
2025-06-10,23.800,13.400,1.000
2025-06-11,19.500,12.200,0.300
2025-06-12,17.900,9.000,0.000
2025-06-13,19.500,8.300,0.000
2025-06-14,18.100,8.600,0.000
2025-06-15,20.400,8.900,0.000
2025-06-16,22.000,8.700,0.000
2025-06-17,21.900,9.900,0.000
2025-06-18,20.600,11.500,0.700
2025-06-19,23.600,12.500,0.200
2025-06-20,22.500,11.500,0.100
2025-06-21,23.400,12.300,0.000
2025-06-22,24.300,12.300,0.000
2025-06-23,24.900,12.900,0.000
2025-06-24,25.200,13.100,0.000
2025-06-25,19.400,12.900,0.500
2025-06-26,22.700,11.300,0.000
2025-06-27,24.300,11.600,0.000
2025-06-28,22.900,12.400,0.000
2025-06-29,24.200,12.100,0.000
2025-06-30,24.400,11.400,0.000
2025-07-01,22.900,12.700,0.000
2025-07-02,21.600,10.800,0.100
2025-07-03,19.900,12.900,0.100
2025-07-04,17.500,12.100,0.200
2025-07-05,20.000,10.100,0.000
2025-07-06,21.800,9.500,0.000
2025-07-07,20.000,9.600,0.000
2025-07-08,20.700,9.100,0.000
2025-07-09,21.000,9.600,0.000
2025-07-10,20.400,11.300,0.500
2025-07-11,20.300,11.300,0.100
2025-07-12,20.100,13.300,2.300
2025-07-13,19.700,12.500,1.700
2025-07-14,20.900,9.700,0.000
2025-07-15,21.600,10.400,0.000
2025-07-16,21.000,10.100,0.000
2025-07-17,21.300,10.700,0.000
2025-07-18,22.600,10.100,0.000
2025-07-19,23.500,11.100,0.000
2025-07-20,21.800,11.600,0.000
2025-07-21,22.000,10.900,0.100
2025-07-22,23.000,10.700,0.000
2025-07-23,24.800,11.900,0.000
2025-07-24,23.100,11.600,0.000
2025-07-25,23.400,13.400,0.300
2025-07-26,23.800,12.100,1.100
2025-07-27,23.600,12.000,0.000
2025-07-28,24.600,11.800,0.000
2025-07-29,23.400,13.000,0.000
2025-07-30,19.900,8.600,0.000
2025-07-31,20.600,7.200,0.000
2025-08-01,20.500,9.600,0.000
2025-08-02,20.700,8.600,0.000
2025-08-03,21.800,9.500,0.000
2025-08-04,22.800,10.900,0.200
2025-08-05,21.100,11.400,0.000
2025-08-06,21.400,11.300,0.300
2025-08-07,23.400,11.700,0.100
2025-08-08,25.200,12.000,0.000
2025-08-09,26.500,13.600,0.100
2025-08-10,24.300,11.800,0.000
2025-08-11,20.800,9.300,0.000
2025-08-12,19.200,11.400,2.600
2025-08-13,23.700,13.100,0.200
2025-08-14,24.500,10.900,0.000
2025-08-15,21.800,11.700,0.400
